['Cl[Cu]O[Cu]O[Cu]Cl'], 0.0
['[In]'], 0.002421307506053269
['[O][Zn][Zn][O]'], 0.004842615012106538
['[Mn]'], 0.007263922518159807
['[Cu][Cu]'], 0.009685230024213076
['[O][Cu][Cu][O]'], 0.012106537530266345
['[OH3][Cu][Cu][OH3]'], 0.014527845036319613
['O1[Zn]23[O]1(O2)O3', '[O]12[O]3456[O]7891[O]1%10%1123[O]4[O]68%10([Zn]571)[O]9%11', '[O][Zn][Zn][O]'], 0.01694915254237288
['[Co]'], 0.01937046004842615
['[OH2][Zn]'], 0.02179176755447942
['[Cd]'], 0.02421307506053269
['[Cu]'], 0.026634382566585957
['[K]'], 0.029055690072639227
['[O][K]1O[K](O1)[O]'], 0.031476997578692496
['[O][Co][O]1[Co]23O[Co]45[O]2[O]2[Co]61O[Co]2([O]6[O]34)[O]5[Co][O]'], 0.03389830508474576
['[Zn]'], 0.036319612590799036
['[Dy]'], 0.0387409200968523
['[Ag]'], 0.04116222760290557
['[Ag][Ag]'], 0.04358353510895884
['[Tb]'], 0.04600484261501211
['[Eu]'], 0.04842615012106538
['[OH2][Ni][OH2][Ni][OH2]'], 0.05084745762711865
['[OH2][Co][OH2]12([Co]3[O]4[Co]1[O]34)[Co]1[O]3[Co]2[O]13', '[OH2][Co][OH4]12([Co]3[O]4[Co]1[O]34)[Co]1[O]3[Co]2[O]13', '[OH4][Co][OH2]12([Co]3[O]4[Co]1[O]34)[Co]1[O]3[Co]2[O]13', '[OH4][Co][OH3]12([Co]3[O]4[Co]1[O]34)[Co]1[O]3[Co]2[O]13', '[OH4][Co][OH4]12([Co]3[O]4[Co]1[O]34)[Co]1[O]3[Co]2[O]13'], 0.053268765133171914
['[O]12[O]3[Zr]4561[Zr]178923[O]234[Zr]4%10%11%12%138[O]8%149[Zr]9%15%16%17%18%19[O]%2051[Zr]15%21%22[O]%23%2467[Zr]67%252[Zr]2%26%273%23([O]3%23%12[Zr]%12%118([O]4[O]%10%12)[O]48%13%15[Zr]%10%14%16([O]%11%12%17[Zr]%139%201%24([O]5%25%26[Zr]15%2734%11[Zr]3%238%12[O]1[O]53)[O]%21[O]%22%13)[O]%18[O]%19%10)[O]6[O]72'], 0.05569007263922519
['O1[Zr]2345[Zr]6781[O]19%102[Zr]2%11%12%13[O]%14%1558[Zr]512(O%11)[O]128%12[Zr]%11%12%16%14[O]%14%1747[Zr]47%18%19[O]%20%2136[Zr]36%229[Zr]9%10%20([O]%10%1353[Zr]35%132[O]27%229[Zr]%144%21(O%18)[O]%12%193([Zr]%151%11%17O%16)[Zr]8%1052O%13)O6'], 0.05811138014527845
['[O][Zr]123([O])[O]4[Zr]56[O]3[Zr]37([O]2[Zr]28[O]1[Zr]14([O]6[Zr]([O]53)([O]21)([O]78)([O])[O])([O])[O])([O])[O]'], 0.06053268765133172
['[O]12[Zr]34[O]5[Zr]62[O]2[Zr]71[O]4[Zr]14[O]3[Zr]35[O]6[Zr]2([O]71)[O]43'], 0.06295399515738499
['[O]123[O]45[Zr]6789%101[O]1%11[O]%126[Zr]6%13%14%15%161[O]19[O]%106[Zr]69%10351[O]13[O]56[Zr]6%17%18%191([O]1%13[O]%146[Zr]6%13%14%11%121[O]17[O]86[Zr]624351[O]%17%13[O]%18%146)[O]%159[O]%16%10%19', '[O]123[O]45[Zr]6789%101[O]1%11[O]%126[Zr]6%13%14241[O]12[O]46[Zr]6%15%16%17%181[O]1%19[O]%206[Zr]6%21%22%231([O]17[O]86[Zr]6%11%12%19%201[O]%13%15[O]%14%166)[O]19[O]%10%21[Zr]635241[O]%17%22[O]%18%236'], 0.06537530266343826
['[Na]'], 0.06779661016949153
['O1[O]2[Li]1[O]1[Li]2O1', '[In]'], 0.07021791767554479
['Cl[Cu]', '[Cu]', '[O][Cu]', '[O][Cu]Cl'], 0.07263922518159807
['[O]12[Zr]34567[O]89[Zr]%10%11%12%132[O]38[Zr]238%149[O]94[O]52[Zr]245%159[O]96[Zr]6%16%171([O]729)[O]14[O]56[Zr]241([O]%10%16[O]%11%172)([O]%123[O]%1384)[O]%14%15'], 0.07506053268765134
['[OH2][Zr]123[O]4[Zr]56([O]3[Zr]37([O]2[Zr]28([O]1[Zr]14([O]6[Zr]([O]53)([O]21)([O]78)[OH2])[OH2])[OH2])[OH2])[OH2]'], 0.0774818401937046
['I[Cu]12[Cu]3([Cu]1([Cu]23I)I)I'], 0.07990314769975787
['[O][Eu]'], 0.08232445520581114
['[OH2][Eu]'], 0.08474576271186442
['[Ni]'], 0.08716707021791768
['[OH2][Cu][Cu][OH2]'], 0.08958837772397095
['[OH2][Sm]([OH2])[OH2]', '[Sm]'], 0.09200968523002422
['[Zn][OH][Zn]'], 0.09443099273607748
['[Mn]', '[O][Mn]([O])[O]'], 0.09685230024213076
['[Zn]', '[Zn]O[Zn]'], 0.09927360774818403
['[O][La]([O])([O])[O]'], 0.1016949152542373
['[O][Ce]([O])([O])[O]'], 0.10411622276029056
['[Zn][O]([Zn])([Zn])[Zn]'], 0.10653753026634383
['[Fe]', '[OH]'], 0.1089588377723971
['[Fe]'], 0.11138014527845037
['[O]123[OH]45[Zr]6789%101[O]1%11[OH]%126[Zr]6%13%14%15%161[O]1%17[OH]%186[Zr]6%19%20%21%221[O]1%23[OH]%246[Zr]6%25%11%121([O]%15%19[OH]%16%206)[O]19[OH]%10%25[Zr]624%23%241[O]1%21[OH]%226[Zr]235%17%181[O]7%13[OH]8%142', '[O]123[OH]45[Zr]6789%101[O]1%11[OH]%126[Zr]6%13%14%15%161[O]1%17[OH]%186[Zr]6%19%20%21%221[O]1%23[OH]%246[Zr]6%25%11%121([O]17[OH]86[Zr]635%23%241[O]1%21[OH]%226[Zr]324%17%181[O]9%15[OH]%10%163)[O]%13%19[OH]%14%20%25', '[O]123[OH]45[Zr]6789%101[O]1%11[OH]%126[Zr]6%13%14%15%161[O]1%17[OH]%186[Zr]6%19%20%21%221[O]1%23[OH]%246[Zr]6%25%11%121([O]19[OH]%106[Zr]635%23%241[O]1%21[OH]%226[Zr]324%17%181[O]7%13[OH]8%143)[O]%15%19[OH]%16%20%25', '[O]123[OH]45[Zr]6789%101[O]1%11[OH]%126[Zr]6%13%14%15%161[O]1%17[OH]%186[Zr]6%19%20%21%221[O]1%23[OH]%246[Zr]6%25%261([O]7%13[OH]8%146)([O]%15%19[OH]%16%20%25)[O]19[OH]%10%26[Zr]624%23%241[O]1%21[OH]%226[Zr]35%11%12%17%181', '[O]123[OH]45[Zr]6789%101[O]1%11[OH]%126[Zr]6%13%14%15%161[O]1%17[OH]%186[Zr]6%19%20%21%221[O]1%23[OH]%246[Zr]6%25241([O]17[OH]86[Zr]2%11%12%23%241[O]%13%19[OH]%14%202)[O]1%21[OH]%22%25[Zr]235%17%181[O]9%15[OH]%10%162', '[O]123[OH]45[Zr]6789%101[O]1%11[OH]%126[Zr]6%13%14%15%161[O]1%17[OH]%186[Zr]6%19241([O]7%13[OH]8%146)[O]12[OH]4%19[Zr]678351[O]13[OH]56[Zr]6%13%11%121([O]1%15[OH]%166[Zr]%17%1824351)[O]97[OH]%108%13', '[O]123[OH]45[Zr]6789%101[O]1%11[OH]%126[Zr]6%13%14%15%161[O]1%17[OH]%186[Zr]6%19351([O]7%13[OH]8%146)[O]13[OH]5%19[Zr]678241[O]12[OH]46[Zr]6%13%11%121([O]97[OH]%1086)[O]1%15[OH]%16%13[Zr]%17%1835241', '[O]123[OH]45[Zr]6789%101[O]1%11[OH]%126[Zr]6%13%14%15%161[O]1%17[OH]%186[Zr]6%19351([O]9%15[OH]%10%166)[O]13[OH]5%19[Zr]69%10241[O]12[OH]46[Zr]6%15%11%121([O]79[OH]8%106)[O]1%13[OH]%14%15[Zr]%17%1835241'], 0.11380145278450364
['Cl[Pd](Cl)(Cl)Cl', '[OH4][Fe][O]([Fe][OH4])[Fe][OH4]'], 0.1162227602905569
['[Gd]'], 0.11864406779661017
['[O][U][O]'], 0.12106537530266344
['[Cu][Cu]', '[Fe]'], 0.12348668280871672
['[O][Cr][O]([Cr][O])[Cr][O]'], 0.12590799031476999
['[Zn][O]1[Zn][O]([Zn]1)[Zn]'], 0.12832929782082325
['[O][Zn]1[O]([Zn])[Zn]([O]1[Zn])([O])[O]'], 0.13075060532687652
['[Co][O]([Co])([Co])[Co]'], 0.13317191283292978
['[O][Zn]', '[Zn]'], 0.13559322033898305
['[Mn]', '[O][Mn]'], 0.13801452784503632
['O1OOOOO1', '[Cu]'], 0.14043583535108958
['[Co][Co]'], 0.14285714285714288
['[Zn][Zn]'], 0.14527845036319614
['[Zn]12[O]3456[Zn]7[O]89%101[Zn]3[O]27([Zn]48)([Zn]59)[Zn]6%10', '[Zn][O]([Zn])([Zn])[Zn]'], 0.1476997578692494
['[O]', '[V]'], 0.15012106537530268
['[Al]', '[O]'], 0.15254237288135594
['[O][Zn][O]([Zn])([Zn])[Zn]'], 0.1549636803874092
['', '[O][Cu][Cu][O]'], 0.15738498789346247
['O1[Pb]2[O]1[Pb]2[Cd][O]([Cd][Pb]1[Pb]2[O]1O2)([Cd][Pb]1[Pb]2[O]1O2)[Cd][Pb]1[Pb]2[O]1O2'], 0.15980629539951574
['[Dy]1[Dy]2[O]345671[Dy]2([Dy]5)[Dy]7([Dy]4)[Dy]6[Dy]3', '[Dy]1[Dy][O]2341([Dy][Dy]2)([Dy][Dy]3)[Dy][Dy]4', '[Dy]1[Dy][O]23451([Dy][Dy]2)[Dy][Dy]5[Dy]4[Dy]3', '[Dy]1[Dy][O]234561[Dy][Dy]5[Dy]6([Dy]3)[Dy]4[Dy]2'], 0.162227602905569
['[Fe]', '[Ni]'], 0.16464891041162227
['[O][Mo]1234O[Mo]567([O])O[Mo]8(O1)([O])[O]1[Zn]9[O]6[Mo]6%107([O]5[Zn]5[O]3[Mo]374([O]2[Zn]2[O]8[Mo]41([O])O[Mo]18%11([O]9[Mo]91(O6)(O[Mo]1([O]5[Mo]5(O7)(O[Mo]67(O3)([O]2[Mo]6([O]7[Zn]([O]15)[O]%119)(O4)([O])O8)[O])[O])(O%10)[O])[O])[O])[O])[O]'], 0.16707021791767554
['I[Cu]1[S]2[Cu]3[W]4562[S]1[Cu]4[S]6[Cu]([S]35)I'], 0.16949152542372883
['Cl[Cu]', '[Cu]'], 0.1719128329297821
['[Li]'], 0.17433414043583537
['[OH2][Zn][Zn][OH2]'], 0.17675544794188863
['[Cd]', '[O][Cd]'], 0.1791767554479419
['[O][Cu][Cu][O]', '[O][O]12[Cu]34([O]51([O]23[O]45)[O])([O])[O]([Cu]123([O])[O]4[O]51([O]24[O]35[O])[O])[Cu]123([O])[O]4[O]51([O]24[O]35[O])[O]'], 0.18159806295399517
['[Cu][Cu]', '[O][Cu][Cu]'], 0.18401937046004843
['[Ag]', '[OH2][Ag][OH2]'], 0.1864406779661017
['[Ag]', '[Fe]'], 0.18886198547215496
['[Ag]', '[Co]'], 0.19128329297820823
['[O][Mn]', '[O][Mn]Cl'], 0.19370460048426152
['Cl[Cd]', '[Cd]'], 0.1961259079903148
['[OH2][Ni]'], 0.19854721549636806
['[Cd]', '[O][Cd]Cl'], 0.20096852300242132
['Cl[Mn]', '[Mn]'], 0.2033898305084746
['[Cd]', '[O][Cu]'], 0.20581113801452786
['[Mn]', '[O][Ni]([O])([O])[O]', '[O][Ni][O]'], 0.20823244552058112
['[In]', '[Zn][Zn][Zn][Zn]'], 0.2106537530266344
['[Ba]'], 0.21307506053268765
['[O][Ho]12([O])[OH]3[Ho]4([OH]2[Ho]2([OH]1[Ho]3([OH]42)([O])[O])([O])[O])([O])[O]'], 0.21549636803874092
['[O][Zn]O[Zn]'], 0.2179176755447942
['[Cd]', '[Cd][Cd]'], 0.22033898305084748
['[O][Ni]O[W]123O[W]45([O])O[W]67([O])O[W]89(O[W](O1)(O4)([O])O[W]1(O[W]4(O2)([O])O[W]2(O1)([O])O[W]1(O[W](O3)(O4)([O])O[W](O5)(O7)([O])O1)([O])O[W](O6)(O8)(O2)O[Ni][O])(O9)[O])[O]'], 0.22276029055690075
['[Co]', '[In]'], 0.225181598062954
['[In][O]([In])[In]', '[O][Zn]'], 0.22760290556900728
['[O][Tb][OH2]'], 0.23002421307506055
['[O][Zr]123([O])[O]4[Zr]56([O]3[Zr]37([O]2[Zr]28([O]1[Zr]14([O]6[Zr]([O]53)([O]21)([O]78)([O])[O])([O])[O])([O])[O])([O])[O])([O])[O]'], 0.2324455205811138
['[O]12[Zr]34[OH]5[Zr]62[OH]2[Zr]71[OH]4[Zr]14[O]3[Zr]35[O]6[Zr]2([O]71)[OH]43'], 0.23486682808716708
['*[O]12[Zr]345678[O]9[Zr]%10%11%12%13%141[O]15([O]8%10[Zr]58%10%15%161[O]14([O]65[Zr]456%17%181[O]13([Zr]3%19%2029([O]741)[O]1%12([O]%143[Zr]231([O]%118([O]%13%102)*)([O]5%19([O]6%203)*)([O]%15%17)[O]%16%18*)*)*)*)*'], 0.23728813559322035
['[O]123[O]45[Zr]6789%101[O]1%11[O]%126[Zr]6%13%14%15%161[O]19[O]%106[Zr]69%10351[O]13[O]56[Zr]6%17%18%191([O]1%13[O]%146[Zr]6%13%14%11%121[O]17[O]86[Zr]624351[O]%18%13[O]%19%146)[O]%159[O]%16%10%17', '[O]123[O]45[Zr]6789%101[O]1%11[O]%126[Zr]6%13%14241[O]12[O]46[Zr]6%15%16%11%121[O]1%11[O]%126[Zr]6%17%18%191([O]17[O]86[Zr]678351[O]1%13[O]%146[Zr]324%11%121[O]%187[O]%1983)[O]9%15[O]%10%16%17'], 0.2397094430992736
['[O]123[O]45[Zr]6789%101([O]1%11[O]%126[Zr]6%13%14%15%161([O]19[O]%106[Zr]69%10%17%181[O]17[O]86[Zr]678351([O]13[O]56[Zr]624%11%121[O]1%13[O]%146[Zr]24351([O]97[O]%1082)([O]%15%17[O]%16%184)[O])[O])[O])[O]', '[O]123[O]45[Zr]6789%101[O]1%11[O]%126[Zr]6%13%14%15%161([O]1%17[O]%186[Zr]6%19%20%211([O]7%13[O]8%146)([O]16[O]7%19[Zr]8%13%14%17%181[O]1%17[O]8([Zr]824671([O]9%20[O]%10%218)[O])[Zr]135%11%12%17([O]%15%13[O]%16%141)[O])[O])[O]'], 0.24213075060532688
['[Al]1O[Al]O[Al]O[Al]O[Al]O[Al]O[Al]O[Al]O1'], 0.24455205811138014
['[OH4][Cr][O]123[Cr]4([OH2])[O][Cr]3([O][Cr]2([O][Cr]1([O]4)[OH2])[OH2])[OH2]'], 0.24697336561743344
['[Ho]'], 0.2493946731234867
['[Er]'], 0.25181598062953997
['[Tm]'], 0.2542372881355932
['[Yb]'], 0.2566585956416465
['[Lu]'], 0.2590799031476998
['[Y]'], 0.26150121065375304
['[O][Zn][O]([Zn][O])([Zn][O])[Zn]', '[Zn][O]([Zn])([Zn])[Zn]'], 0.26392251815980633
['[Mg]'], 0.26634382566585957
['O1[O]2[Zr]3456789%101[Zr]1%11%12%13%14%152([O]4O3)[O]2345[Zr]5%16%17%18%19%20%21%22%23[O]%24%257%11[O]7%118%125[Zr]58%123%16%24([O]%19O%18)([O]%20O%17)[O]3%16%17%21[Zr]%18%19%20%21%24%26%27%282[O]2%2961[O]16%10%14%18[Zr]%10%1443%192([O]2%238%16%20[Zr]348%16%18%19%20%17[O]%17%23%30%225[Zr]5%22%31%32%33%34%257[O]7%25%359%13[O]9%13%155[Zr]5%15%36%37%38%2917[Zr]17%29%396%35%13([O]6%28%1035[O]%148%151[Zr]1352%18%306([O]%124%23%31[Zr]24%11%17%22%259([O]%16%32%3871)([O]%33O4)[O]%34O2)([O]%19O5)[O]%20O3)([O]%36O%39)[O]%37O%29)([O]%26O%24)[O]%27O%21'], 0.26876513317191286
['[O]12[O]3[Zr]456789%10%111[Zr]1%12%13%14%15%16%1723([O]4[O]51)[O]12346[O]56%10%15[Zr]%10%15%18%19%20%21%22%231[O]1%24%11%16[Zr]%11%16%25%26%2735%10([O]%15[O]%20%16)([O]%18[O]%19%11)[O]35%10%11%21[Zr]%15%16%18%19%20%21%28%291[O]1%30%318%13[O]89%14%15[Zr]9%13%14%15%32%33%34%35%36%30[O]%30%37%387%12[O]7%12%179[Zr]9%17%39%40%41%42%432%30[Zr]2%30%44%4546%377([O]46%22%259[O]7%27%42%44[Zr]9%22%25%27%37%42%44%104[O]4%14%43%45[Zr]%10%14%431%13%38%12([O]%15[O]%34%14)([O]%32[O]%33%10)[O]1%10%19%359[Zr]9%12%13%243%16%318([O]%23%265%18[Zr]35%1167%254%10([O]%36%22%4319)([O]%27[O]%445)[O]%37[O]%423)([O]%20[O]%29%13)[O]%21[O]%28%12)([O]%17[O]%41%30)[O]%39[O]%402', '[O]12[O]3[Zr]456789%10%111[Zr]1%12%13%14%15%16%1723([O]4[O]51)[O]12346[O]56%18%17[Zr]%17%19%20%21%22%23%24%251[O]1%26%278%13[O]8%139%14[Zr]9%14%28%2936%171([O]%19[O]%22%14)([O]%20[O]%219)[O]1369%23[Zr]%14%17%19%20%21%22%23%268[O]8%26%11%16[Zr]%11%16%30%31%32%33%34%35%36[O]%37%38%397%12[O]7%10%15%11[Zr]%10%11%12%15%40%41%424%18%38[Zr]4%18%38%4325%37([O]2%25%29%10[Zr]5%10%25%29%37%44%45%466[O]6%24%283[Zr]3%24%28%27%131%14%26([O]1%13%17%35%25[Zr]%14%17%25%268%16%397([O]7%30%41%385[O]%42%43%10%14[Zr]5892%296%137([O]%19%3631%26)([O]%37[O]%468)[O]%44[O]%455)([O]%31[O]%34%25)[O]%32[O]%33%17)([O]%20[O]%23%28)[O]%21[O]%22%24)([O]%11[O]%40%18)[O]%12[O]%154'], 0.2711864406779661
['[Zr]1[Zr]2[Zr]3[Zr][Zr]45[Zr]1[Zr]1[Zr][Zr]2[Zr]2[Zr]6[Zr]3[Zr][Zr]5[Zr]([Zr]41[Zr]2)[Zr]6'], 0.2736077481840194
['[OH2][Zr]1234567[OH]89[O]%101[Zr]1%11%12%13%148[OH]82[O]31[Zr]123%15%168[OH]84[O]71[Zr]147%17%188([OH]85[O]61[Zr]1569%108[OH]8%13[O]%141[Zr]19%108([OH]%112[O]%1231)([OH]45[O]769)[OH]%15%17[O]%16%18%10)[OH2]', '[OH][Zr]1234567[OH]89[O]%101[Zr]1%11%12%13%148[OH]82[O]31[Zr]123%15%168[OH]84[O]71[Zr]147%17%188([OH]85[O]61[Zr]1569%108[OH]8%13[O]%141[Zr]19%108([OH]%112[O]%1231)([OH]45[O]769)[OH]%15%17[O]%16%18%10)[OH]'], 0.27602905569007263
['O[Zr]123[OH]4[Zr]56[OH]1[Zr]17[OH]2[Zr]28([OH]3[Zr]34[OH]6[Zr]([OH]51)([OH]23)[OH]78)O'], 0.2784503631961259
['[O]123[OH]45[Zr]6789%101([O]1%11[OH]%126[Zr]6%13%14%15%161[O]1%17[OH]%186[Zr]6%19%20%21%221([O]1%23[OH]%246[Zr]6%25241([O]17[OH]86[Zr]2%17%18%23%241([O]9%15[OH]%10%162)O)[O]1%21[OH]%22%25[Zr]235%11%121([O]%13%19[OH]%14%202)O)O)O', '[O]123[OH]45[Zr]6789%101[O]1%11[OH]%126[Zr]6%13%14%15%161([O]1%17[OH]%186[Zr]6%19%20%21%221[O]1%23[OH]%246[Zr]6%25241([O]1%19[OH]%206[Zr]24351([O]%13%21[OH]%14%222)([O]9%15[OH]%10%164)O)([O]17[OH]8%25[Zr]%11%12%17%18%23%241O)O)O'], 0.28087167070217917
['Cl[Cd]', 'Cl[Cd]Cl'], 0.28329297820823246
['[O]12[Hf]34[O]5[Hf]62[O]2[Hf]71[O]4[Hf]14[O]3[Hf]35[O]6[Hf]2([O]71)[O]43'], 0.28571428571428575
['[Cd]', '[O][Cd]', '[O][Cd][O]'], 0.288135593220339
['[OH2][Ni][OH2][Ni]1[OH2][Ni]([OH2]1)([OH2])[OH2]'], 0.2905569007263923
['[Zn][O]12[Zn][O]3([Zn])[Zn][O]([Zn]2)([Zn][O]([Zn]1)([Zn]3)[Zn])[Zn]'], 0.2929782082324455
['[O][Zn]([O]([Zn]([O])[O])([Zn]([O])[O])[Zn])[O]'], 0.2953995157384988
['O1[Zr]2O[Zr]3O[Zr]4O[Zr]1O[Zr]1O[Zr](O2)O[Zr](O3)O[Zr](O1)O4', '[O]12[Zr]34[O]5[Zr]62[O]2[Zr]71[O]4[Zr]14[O]3[Zr]35[O]6[Zr]2([O]71)[O]43'], 0.29782082324455206
['[O]12[Zr]34[O]5[Zr]62[O]2[Zr]71[O]4[Zr]14[O]3[Zr]35[O]6[Zr]2([O]71)[O]43', '[Zr]12345[O]678[O]9%101[Zr]1%11%126[O]6%134[O]451[Zr]15%146[O]6%152[O]231[Zr]18%106[O]368[Zr]%10%1679[O]79%11[Zr]%11%17%134[O]%12%107[Zr]4789[O]16%16[Zr]1%1523[O]5%114[O]%14%1771'], 0.30024213075060535
['[Fe]1[O]23[Fe][O]1([Fe]2)[Fe]3', '[Fe][O]([Fe])[Fe]'], 0.3026634382566586
['[OH2][Tb]'], 0.3050847457627119
['[O][Hf]123([O])[O]4[Hf]56[O]3[Hf]37([O]2[Hf]28[O]1[Hf]14([O]6[Hf]([O]53)([O]21)([O]78)([O])[O])([O])[O])([O])[O]'], 0.3075060532687651
['[O][Th]123[O]4[Th]5678([O]3[Th]39%10%11([O]2[Th]2%12%13%14([O]1[Th]1%15%164([O]8[Th]([O]73)([O]2%16)([O]9%14)[O])O[O]%15O1)O[O]%13O%12)O[O]%11O%10)O[O]6O5'], 0.3099273607748184
['[O][Th]123([O])[O]4[Th]56789([O]1[Th]1%10([O]2[Th]2%11%12%13%14([O]3[Th]34([O]6[Th]([O]51)([O]23)([O]%10%11)([O])[O])([O])[O])[O]12[O]3%12[O]%131[O]%1423)([O])[O])[O]12[O]37[O]81[O]923'], 0.3123486682808717
['[O][Sc][O]([Sc][OH2])[Sc][O]'], 0.31476997578692495
['[OH2][Fe][O]([Fe][OH2])[Fe][OH2]'], 0.31719128329297824
['[Fe][O]([Fe])[Fe]'], 0.3196125907990315
['[Cu]', '[Cu]1[OH]2[Cu][OH]3[Cu]4562[OH]1[Cu][OH]6[Cu][OH]5[Cu][OH]4[Cu]3'], 0.3220338983050848
['[O][Np]12([O])O[Np]34([O])(F)O[Np]56([O])(F)O[Np]78([O])(F)O[Np]9%10(O[Np]%11%12(O[Np]%13([O]2[Np]2%14(O[Np]%15(O1)([O]4[Np](O5)([O])([O])O[Np]1(O%15)([O]6[Np](O7)([O])([O])O[Np]4(O1)([O]8[Np](O[Np]1(O[Np](O2)([O])(F)(O[Np](O%12)([O]91)([O])[O])[O]%11[Np](O%14)(O%13)([O])[O])(O4)[O])(O%10)([O])[O])[O])[O])[O])([O])F)(O3)[O])[O])([O])F'], 0.324455205811138
['[O][Np]123(F)O[Np]45([O])O[Np]6([O]3[Np]37(O[Np](O1)([O])([O])[O]1[Np]8(O2)([O])O[Np]29([O])O[Np]%10([O]%11[Np]%12(O[Np]%13(O4)([O])O[Np]4([O]5[Np](O6)(O3)([O])(F)O[Np]3([O]%13[Np](O%12)([O])([O])O[Np]%11(O3)(O[Np]3(O[Np]1(O7)([O])(F)O[Np](O8)([O]93)([O])[O])([O])(F)O%10)([O])F)(O4)([O])F)([O])[O])(O2)[O])([O])[O])[O])([O])[O]'], 0.3268765133171913
['[O][Tb]123[O]456[Tb]789[O]%10%113[Tb]347[O]478[Tb]8%12%10[O]%10%132[Tb]2%14%15[O]%16%171[Tb]1%185[Tb]56%16[O]931[Tb]17([O]%14%185[Tb]%102%17[O]%12%151[Tb]%1148%13)[O]'], 0.32929782082324455
['[O]12[Tb]34[O]5[Tb]62[O]2[Tb]71[O]4[Tb]14[O]3[Tb]35[O]6[Tb]2([O]71)[O]43'], 0.33171912832929784
['O1[Mg][O]23([Ga]1)([Mg]O[Ga]3)[Mg]O[Ga]2'], 0.3341404358353511
['O1[Co][O]23([In]1)([Co]O[In]3)[Co]O[In]2'], 0.3365617433414044
['O1[Mg][O]23([In]1)([Mg]O[In]3)[Mg]O[In]2'], 0.33898305084745767
['O1[Mn][O]23([In]1)([Mn]O[In]3)[Mn]O[In]2'], 0.3414043583535109
['O1[Ni][O]23([In]1)([Ni]O[In]3)[Ni]O[In]2'], 0.3438256658595642
['O1[Mg][O]23([V]1)([Mg]O[V]3)[Mg]O[V]2'], 0.34624697336561744
['[Zn]', '[Zn][Zn]'], 0.34866828087167073
['[In]', '[OH3][Mn][OH3]'], 0.35108958837772397
['[In]', '[OH3][Fe][OH3]'], 0.35351089588377727
['[OH2][In]'], 0.3559322033898305
['O1[Hf]2O[Hf]3456[Hf]7891O[Hf](O6)O[Hf]1649[Hf]38(O2)(O[Hf](O7)O6)O[Hf](O5)O1', '[O]12[Hf]34[O]5[Hf]62[O]2[Hf]71[O]4[Hf]14[O]3[Hf]35[O]6[Hf]2([O]71)[O]43'], 0.3583535108958838
['[O][Co][O]([Co][O])[Co][O]'], 0.36077481840193704
['O1[Co][O]23([Ni]1)([Co]O[Ni]3)[Co]O[Ni]2'], 0.36319612590799033
['[O][Ni][O]([Ni][O])[Ni][O]'], 0.3656174334140436
['[O][Mg][O]([Mg][O])[Mg][O]'], 0.36803874092009686
['[O][Fe][O]([Fe][O])[Fe][O]'], 0.37046004842615016
['[O][Mn][O]([Mn][O])[Mn][O]'], 0.3728813559322034
['[O][U]12([O])O[U]3456([O]72[U]28(O1)([O]4[O]52)([O]6([U](O3)(O8)([O])[O])[Zr]123([O]4[Zr]567([O])[O]1[Zr]17[O]5[Zr]589([O]6[Zr]64[O]3[Zr]([O]21)([O]56)([O]78)([O])[O]12[U]3456([O]79[U]81([O]5[O]68)([O])(O[U]2(O3)([O])[O])O[U]7(O4)([O])[O])[O])[O])[O])[O])[O]'], 0.3753026634382567
['[Cu]', '[O][Zr]123[O]4[Zr]56[O]3[Zr]37([O]2[Zr]28[O]1[Zr]14([O]6[Zr]([O]53)([O]21)([O]78)[O])[O])[O]'], 0.37772397094430993
['[OH2][Yb]', '[Yb]'], 0.3801452784503632
['[O]123[O]45[Zr]6789%101[O]1%11[O]%126[Zr]6%13%14%15%161[O]1%17[O]%186[Zr]6%19%20%11%121[O]1%11[O]%126[Zr]6%21241([O]7%19[O]8%206)[O]12[O]4%21[Zr]67351([O]1%13[O]%146[Zr]%17%18%11%12241)[O]9%15[O]%10%167', '[O]123[O]45[Zr]6789%101[O]1%11[O]%126[Zr]6%13%14%15%161[O]1%17[O]%186[Zr]6%19%20%21%221[O]1%23[O]%246[Zr]6%25%11%121([O]17[O]86[Zr]635%23%241[O]1%21[O]%226[Zr]324%17%181[O]9%15[O]%10%163)[O]%13%19[O]%14%20%25', '[O]123[O]45[Zr]6789%101[O]1%11[O]%126[Zr]6%13%14%15%161[O]1%17[O]%186[Zr]6%19%20%21%221[O]1%23[O]%246[Zr]6%25241([O]17[O]86[Zr]2%11%12%23%241[O]%13%19[O]%14%202)[O]1%21[O]%22%25[Zr]235%17%181[O]9%15[O]%10%162'], 0.38256658595641646
['[O][Tb]123[OH]4[Tb]567([OH]3[Tb]389([OH]2[Tb]2%10%11([OH]1[Tb]1%124([O]7[Tb]47%13([OH]6[Tb]6([OH]53)([OH]9[Tb]3([OH]%10[Tb]([OH]14)([OH]2%12)([OH]%133)[O])([O]8%11)([OH]76)[O])[O])[O])[O])[O])[O])[O]'], 0.38498789346246975
['[O][Hf]123([O])[O]4[Hf]56([O]3[Hf]37([O]2[Hf]28([O]1[Hf]14([O]6[Hf]([O]53)([O]21)([O]78)([O])[O])([O])[O])([O])[O])([O])[O])([O])[O]'], 0.38740920096852305
['[Bi]'], 0.3898305084745763
['[Cu]1OO1', '[O][Cu][Cu][O]'], 0.3922518159806296
['I[Pb]', '[O][Zr]123([O])[O]4[Zr]567([O]3[Zr]389([O]2[Zr]2%10%11([O]1[Zr]1%124([O]7[Zr]47%13([O]6[Zr]6([O]53)([O]9[Zr]3([O]%10[Zr]([O]14)([O]2%12)([O]%133)([O])[O])([O]8%11)([O]76)([O])[O])([O])[O])([O])[O])([O])[O])([O])[O])([O])[O])([O])[O]'], 0.3946731234866828
['Cl[Co]', '[OH]1[Zr]2[OH][Zr]3[O]2[Zr]1[OH]3'], 0.3970944309927361
['[OH2][Cu]Cl'], 0.39951573849878935
['[Pr]'], 0.40193704600484265
['[Cu]', '[O][Cu][O]'], 0.4043583535108959
['[OH2][Zn]([OH2])[OH2]', '[Zn]'], 0.4067796610169492
['[OH2][Cd]([OH2])[OH2]', '[OH2][Cd][OH2]'], 0.4092009685230024
['[OH2][Zn]', '[Zn]'], 0.4116222760290557
['[O][Cu]', '[O][Cu]Cl'], 0.414043583535109
['[OH2][Co][OH2]'], 0.41646489104116224
['[Pb][O]([Pb])([Pb])[Pb]'], 0.41888619854721554
['I[Cu]12[Cu]3[Cu]1[Cu]23(I)(I)I', 'I[Cu]1[Cu]2[Cu]1[Cu]2(I)(I)(I)I'], 0.4213075060532688
['[OH2][La]1[OH][La]([OH]1)[OH2]'], 0.42372881355932207
['[OH2][Eu]1[OH][Eu]([OH]1)[OH2]'], 0.4261501210653753
['[OH2][Nd]1[OH][Nd]2([OH]1[Nd]1([OH]2[Nd]([OH]1)[OH2])[OH2])[OH2]'], 0.4285714285714286
['[OH2][Nd]1[OH][Nd]([OH]1)[OH2]'], 0.43099273607748184
['[Cu]1[OH][Cu][OH]1'], 0.43341404358353514
['[OH2][Cu]'], 0.4358353510895884
['[O][Ni]'], 0.43825665859564167
['[OH2][Cu][OH2]'], 0.44067796610169496
['[OH2][Zn][OH2]'], 0.4430992736077482
['[Cu][OH]([Cu][OH]([Cu])[Cu])[Cu]'], 0.4455205811138015
['O[Mn]', '[Mn]'], 0.44794188861985473
['F[Co]F'], 0.450363196125908
['[O][Zn][O]'], 0.45278450363196127
['[O][Zn]'], 0.45520581113801456
['[Ga]'], 0.4576271186440678
['[Ni][Ni]'], 0.4600484261501211
['[O][Ni][Ni]'], 0.46246973365617433
['[O][V]'], 0.4648910411622276
['[In]', '[Li]'], 0.4673123486682809
['[Mn][O]([Mn])[Mn]'], 0.46973365617433416
['[Mn][O]([Mn][O]([Mn])[Mn])[Mn]'], 0.47215496368038745
['[O][U][O]([U][O])[U][O]'], 0.4745762711864407
['[Mn][O]1([Mn])[Mn][O]([Mn]1)([Mn])[Mn]'], 0.476997578692494
['[OH2][Zr]123([OH2])[O]4[Zr]56[O]3[Zr]37([O]2[Zr]28[O]1[Zr]14([O]6[Zr]([O]53)([O]21)([O]78)([OH2])[OH2])([OH2])[OH2])([OH2])[OH2]'], 0.4794188861985472
['[Cd]', '[OH2][Cd]'], 0.4818401937046005
['I[Cu][Cu]I'], 0.48426150121065376
['[Cu]O[Mo]1([O])O[Mo]([O])([O])O[Mo]([O])(O[Cu])O[Mo](O[Mo](O[Mo](O1)([O])O[Cu])([O])[O])([O])O[Cu]'], 0.48668280871670705
['[OH2][Cu][OH]1[Cu][OH]([Cu]1)[Cu]'], 0.4891041162227603
['[Cu][OH]1[Cu]([OH2])[OH]([Cu]1[OH2])[Cu]', '[Cu][OH]1[Cu][OH]([Cu]1)[Cu]'], 0.4915254237288136
['[O][Zn][Zn][Zn][Zn][O]'], 0.4939467312348669
['[OH2][Eu]1234[OH]5[Eu]678([OH]3[Eu]39%10([OH]2[Eu]2%11%12([OH]1[Eu]1%135([O]4632[Eu]([OH]79)([OH]81)([OH]%11%13)([OH]%10%12)[OH2])([OH2])([OH2])[OH2])([OH2])([OH2])[OH2])([OH2])([OH2])[OH2])([OH2])([OH2])[OH2]'], 0.4963680387409201
['[Cs]'], 0.4987893462469734
['[Zn][O]([Zn][O]([Zn])([Zn])[Zn])([Zn])[Zn]'], 0.5012106537530266
['[O][Cu]', '[O][Cu][Cu][O]'], 0.5036319612590799
['[O][Mn][Mn][O]'], 0.5060532687651332
['[O]123[Hf]4567[Hf]89%101[Hf]1%11%122[Hf]2%1334[O]35[Hf]45%147[O]68[Hf]67%104[O]91[Hf]14%126[O]%112[Hf]%13351[O]%1474'], 0.5084745762711864
['[O]123[Zr]4567[Zr]89%101[Zr]1%11%122[Zr]2%1334[O]35[Zr]45%147[O]68[Zr]67%104[O]91[Zr]14%126[O]%112[Zr]%13351[O]%1474'], 0.5108958837772397
['[O][Zn][Zn][O]', '[Zn][O]([Zn])[Zn]'], 0.513317191283293
['[Zn][OH]1[Zn][OH]([Zn]1)[Zn]'], 0.5157384987893463
['Cl[Cd]Cl'], 0.5181598062953996
['[OH2][Co](Cl)Cl'], 0.5205811138014528
['[Fe][O]([Fe])([Fe])[Fe]'], 0.5230024213075061
['[Mn]12[Mn]3[O]42[Mn]1[Mn]34', '[Mn]1[Mn]2[O]31[Mn]2[Mn]3', '[Mn][O]12[Mn][Mn]2[Mn]1'], 0.5254237288135594
['[Ni]', '[OH2][Ni][OH2]'], 0.5278450363196127
['[O][Zn][O]([Zn][O])([Zn][O])[Zn]'], 0.5302663438256658
['[O][Co][O]([Co]1([O]([Co][O])[Co])[O]([Co][O])[Co][O]1[Co][O])[Co]'], 0.5326876513317191
['[O][Zn]', '[O][Zn]([O])[O]', '[O][Zn][Zn][O]'], 0.5351089588377724
['[OH2][Cu]([OH2])[OH2]', '[OH3][Cu][Cu][OH7]', '[OH5][Cu]', '[OH5][Cu][Cu][OH7]', '[OH7][Cu][Cu][OH2]', '[OH7][Cu][Cu][OH4]', '[OH7][Cu][Cu][OH6]', '[OH7][Cu][Cu][OH7]', '[OH7][Cu][Cu][OH8]', '[OH8][Cu][Cu][OH6]'], 0.5375302663438257
['[O][Eu][O]'], 0.5399515738498789
['[OH2][Zn][OH2]', '[Zn]'], 0.5423728813559322
['[OH2][Cd]'], 0.5447941888619855
['[Cd][Cd]'], 0.5472154963680388
['[OH2][Co]', '[O][Co][OH2]'], 0.5496368038740921
['[O][Co]', '[O][Co][O]'], 0.5520581113801453
['I[Cu]1[Cu](I)[Cu](I)[Cu]([Cu]([Cu]1I)I)I'], 0.5544794188861986
['Cl[Cd]Cl', '[Ni]'], 0.5569007263922519
['[Cu]', '[OH2][Cu]', '[OH2][Cu][OH2]'], 0.5593220338983051
['[OH]12[Zr]34[OH]5[Zr]62[OH]2[Zr]71[OH]4[Zr]14[OH]3[Zr]35[OH]6[Zr]2([OH]71)[OH]43'], 0.5617433414043583
['[Cu][OH]([Cu])[Cu]'], 0.5641646489104116
['[Cu][O]([Cu])[Cu]'], 0.5665859564164649
['[Li]', '[Zn]'], 0.5690072639225182
['[S]12[Cu]345[Cu]671[W]1823[S]4[Cu]561[S]78', '[W]1[Cu]2[S]1[Cu]1[W][S]1[Cu]1[S]2[W]1'], 0.5714285714285715
['[O]123[O]45[Zr]6789%101[O]1%11[O]%126[Zr]6%13%14%15%161[O]1%17[O]%186[Zr]6%19241([O]12[O]46[Zr]6%20%21%17%181[O]1%13[O]%146[Zr]6%13%14%11%121[O]17[O]86[Zr]635241[O]%20%13[O]%21%146)[O]9%15[O]%10%16%19', '[O]123[O]45[Zr]6789%101[O]1%11[O]%126[Zr]6%13%14%15%161[O]1%17[O]%186[Zr]6%19241([O]12[O]46[Zr]6%20%21351[O]17[O]86[Zr]356%11%121[O]1%13[O]%143[Zr]3%17%18241[O]%205[O]%2163)[O]9%15[O]%10%16%19', '[O]123[O]45[Zr]6789%101[O]1%11[O]%126[Zr]6%13%14%15%161[O]17[O]86[Zr]678%17%181[O]1%15[O]%166[Zr]6%15%16%19%201[O]1%13[O]%146[Zr]624%11%121[O]1%15[O]%166[Zr]24351([O]97[O]%1082)[O]%17%19[O]%18%204'], 0.5738498789346247
['[O]123[O]45[Zr]6789%101[O]1%11[O]%126[Zr]6%13%14%15%161[O]1%17[O]%186[Zr]6%19%20%21%221[O]1%23[O]%246[Zr]6%11%12%17%181[O]19[O]%106[Zr]624%23%241[O]1%21[O]%226[Zr]24351([O]%13%19[O]%14%202)[O]7%15[O]8%164', '[O]123[O]45[Zr]6789%101[O]1%11[O]%126[Zr]6%13%14351[O]13[O]56[Zr]6%15%16241[O]17[O]86[Zr]246781[O]1%17[O]%182[Zr]2%19351([O]%154[O]%1662)[O]1%13[O]%14%19[Zr]2%11%12%17%181[O]97[O]%1082'], 0.576271186440678
['[Cu]', '[OH2][Cu]'], 0.5786924939467313
['[OH2][Ni](O[Ni]O[Ni]([OH2])[OH2])[OH2]'], 0.5811138014527846
['[OH2][Ca][OH2]'], 0.5835351089588378
['[Ca]'], 0.585956416464891
['[Al]'], 0.5883777239709443
['[Co][O]([Zn])([Zn])[Zn]'], 0.5907990314769976
['[Zn][O]([Zn])[Zn]'], 0.5932203389830508
['[Eu]', '[OH2][Eu]([OH2])[OH2]'], 0.5956416464891041
['[OH2][Ni][OH2]'], 0.5980629539951574
['I[Zn]I'], 0.6004842615012107
['[Ni]', '[OH2][Ni]'], 0.602905569007264
['[OH]12[Tb]34[OH]5[Tb]62[OH]2[Tb]71[OH]4[Tb]14[OH]3[Tb]35[OH]6[Tb]2([OH]71)[OH]43'], 0.6053268765133172
['Cl[Ni]Cl'], 0.6077481840193705
['[Cu]123[Cu]45[Cu]62[Cu]21[Cu]34[Cu]562', '[In]'], 0.6101694915254238
['[OH2][Gd]([OH2])[OH2]'], 0.6125907990314771
['[O][Ho]([O]1[Ho]2(OO2)[O]([Ho]21OO2)[Ho]([O])[O])[O]'], 0.6150121065375302
['[O][Y]1[O]([Y]2OO2)[Y]([O]1[Y]1OO1)[O]'], 0.6174334140435835
['[In]', '[OH2][In]'], 0.6198547215496368
['[O][Zr]123[O]4[Zr]56[O]3[Zr]37([O]2[Zr]28[O]1[Zr]14([O]5[Zr]([O]63)([O]21)([O]78)[O])[O])([O])[O]'], 0.6222760290556901
['[Mn][OH2][Mn]', '[OH2][Mn][OH2][Mn][OH2]'], 0.6246973365617434
['[In]', '[O]'], 0.6271186440677966
['[Ag]', '[Ag][Ag]'], 0.6295399515738499
['[Ag]', '[Ag]1[Ag][Ag][Ag]1'], 0.6319612590799032
['[Cd]', '[Cd]1[Cd]O1', '[O][Cd][Cd]'], 0.6343825665859565
['[OH2][Cd](Cl)[OH2]', '[OH2][Cd][OH2]'], 0.6368038740920097
['[O][Eu][OH3]'], 0.639225181598063
['[OH2][U][OH2]'], 0.6416464891041163
['[Dy]', '[OH2][Dy]'], 0.6440677966101696
['[OH2][Mn]'], 0.6464891041162228
['[OH8][Ni][OH6]([Ni][OH8])[Ni][OH8]', '[OH8][Ni][OH8]([Ni][OH8])[Ni][OH8]'], 0.648910411622276
['[In]', '[OH]'], 0.6513317191283293
['[Cu][O]([Sr]([O]([Cu])[Cu])[O]([Cu])[Cu])[Cu]'], 0.6537530266343826
['[Ni]', '[Zn]'], 0.6561743341404359
['Br[Cu][OH]([Cu])[Cu]', '[Cu][OH]([Cu])[Cu]'], 0.6585956416464891
['Cl[Cu][OH]([Cu]Cl)[Cu]', 'Cl[Cu][OH]([Cu]Cl)[Cu]Cl'], 0.6610169491525424
['[OH2][Ni]([OH2])[OH2]'], 0.6634382566585957
['[Ag]1[Ag][OH2][Ag][Ag][OH2]1', '[Ag][Ag]'], 0.665859564164649
['[OH2][Mg][OH2][Mg][OH2][Mg][OH2]'], 0.6682808716707022
['[Co][Zn][Co][Zn]', '[Zn][Co][Co][Zn]'], 0.6707021791767555
['[O]O[Fe]'], 0.6731234866828087
['[Ce]'], 0.675544794188862
['[O][Cd]'], 0.6779661016949153
['[OH4][Ni][O]([Ni])[Ni]'], 0.6803874092009685
['[O][Eu]([O])([O])[O]'], 0.6828087167070218
['[O][Tb]([O])[O]'], 0.6852300242130751
['[OH2][Mg][OH2]'], 0.6876513317191284
['[O][Na]([O]1[Zn][OH]([Zn])[Zn]23[O]4[Zn]1[O]([Zn])[Zn]14[O]3[Zn]([O]2[Zn])[O]([Zn][OH]1[Zn])[Na]([O])[O])[O]'], 0.6900726392251816
['Cl[Mn]Cl'], 0.6924939467312349
['[Cd]', '[Zn]'], 0.6949152542372882
['[Co]', '[Zn]'], 0.6973365617433415
['[O][Ni]O[Ni]1([O])O[Ni](O1)([O])O[Ni][O]'], 0.6997578692493948
['[OH2][Cd][OH2]'], 0.7021791767554479
['[OH2][Co]'], 0.7046004842615012
['[Zn][OH]1[Zn]([OH2])[OH]([Zn]1[OH2])[Zn]'], 0.7070217917675545
['[O][Co][O]'], 0.7094430992736078
['[O][Ni][O]'], 0.711864406779661
['[OH2][Mn]([OH2][Mn][OH2][Mn]([OH2])[OH2])[OH2]'], 0.7142857142857143
['[Cu][Cu]', '[OH].O', '[OH].[OH]'], 0.7167070217917676
['[Sr]'], 0.7191283292978209
['[OH]', '[Zn]'], 0.7215496368038741
['[OH2][Cu][OH]1[Cu]([OH2])[OH]([Cu]1[OH2])[Cu][OH2]'], 0.7239709443099274
['[Co]', '[OH2][Co][OH2][Co][OH2]'], 0.7263922518159807
['Cl[Al]Cl'], 0.728813559322034
['[Nd]'], 0.7312348668280872
['[Co][O]([Co])[Co]'], 0.7336561743341404
['[Co][OH]1[Co]([OH2])[OH]([Co]1[OH2])[Co]', '[OH2][Co][OH]1[Co]([OH2])[OH]([Co]1[OH2])[Co][OH2]'], 0.7360774818401937
['[OH]1[OH][Cu]1[Cu]1[OH][OH]1'], 0.738498789346247
['Br[Cu]1[Cu][Cu]1Br', '[Cu]'], 0.7409200968523003
['[OH2][Sm][OH2]'], 0.7433414043583535
['[OH2][Ho][OH2]'], 0.7457627118644068
['[OH2][Er][OH2]'], 0.7481840193704601
['[OH2][Tb][OH2]'], 0.7506053268765134
['[OH2][Ce][OH2]'], 0.7530266343825667
['[OH2][Gd][OH2]'], 0.7554479418886199
['[OH2][Dy][OH2]'], 0.7578692493946732
['[OH2][Nd][OH2]'], 0.7602905569007264
['[OH2][Co]([OH2])([OH2])[OH2]'], 0.7627118644067797
['[Cu][Cu]', '[OH4][Cu][Cu][OH4]'], 0.7651331719128329
['[O][Mo]1234O[Mo]56([O])O[Mo]78(O1)([O])[O]1[Zn]9[O]2[Mo]2%104([O]3[Zn]3[O]5[Mo]45([O]6[Zn]6%11[O]7[Mo]781([O])O[Mo]18([O]9[Mo]9(O2)([O])O[Mo]2%12(O%10)([O]3[Mo]32([O]%12[Zn]([O]19)[O]1[Mo]2([O]7[Zn]79[O]%10[Mo]%12%13(O[Mo]%14%15%16([Mo]%17%18([O]%11[Mo]%11%19%20([O]9[Mo]9%21%20([O]%19[Zn]%19[O]%20[Mo](O%11)(O%17)([O])[O]%11[Zn]([O]%15%18)[O]%15[Mo]%17(O%16)(O%12)([Mo]%12%16%15([O]%17[Zn]%15[O]%13[Mo]%10(O%21)([O])O[Mo]%10%13(O9)([O]%19[Mo]%10([O]%15%13)(O[Mo]%20%11([O])O%12)([O])O%16)[O])[O])[O])[O])[O])([O]7%14)[O])[O])[O])([O]6[Mo]12(O5)(O3)[O])(O8)[O])(O4)[O])[O])[O])[O])[O]'], 0.7675544794188862
['[OH2][Er]([OH2])[OH2]'], 0.7699757869249395
['[OH2][Tm]([OH2])[OH2]'], 0.7723970944309928
['[OH2][Yb]([OH2])[OH2]'], 0.7748184019370461
['[OH2][Lu]([OH2])[OH2]'], 0.7772397094430993
['[Eu]', '[Zn]'], 0.7796610169491526
['[Tb]', '[Zn]'], 0.7820823244552059
['[Fe]', '[Pt]'], 0.7845036319612592
['[Zn]12[O]3456[Zn]7[O]89%101[Zn]3[O]1327[Zn]2748[O]48%11[Zn]%12591[O]128[Zn]6%1034[O]7%11%121', '[Zn][O]([Zn])([Zn])[Zn]', '[Zn][O]([Zn]12[O]3[O]1[O]23)([Zn])[Zn]'], 0.7869249394673123
['[Cd]', '[Co]'], 0.7893462469733656
['Cl[Co]', '[Co]'], 0.7917675544794189
['[OH2][Tb]([OH2])[OH2]'], 0.7941888619854722
['[Co]', '[Co][OH2][Zn]', '[Zn]'], 0.7966101694915254
['[O][Cu]'], 0.7990314769975787
['[Fe]', '[Pd]'], 0.801452784503632
['[Ag]', '[O][Mo]1234O[Ag]56O[Mo]789%10[O]%11%124[Mo]4%13%14(O1)O[Ag]1%15O[Mo]%16%17([O]7%14([Mo]7([O]4[Mo]%12(O3)(O5)([O])[O]97)(O%15)([O])O%16)[Mo]3([O]%13[Mo]%11(O2)(O6)([O])[O]83)(O1)([O])O%17)(O%10)[O]'], 0.8038740920096853
['[Co]', '[O][Co]', '[O][Co][O]'], 0.8062953995157386
['[Cd]', '[OH2][Cd]1[OH2][Cd]([OH2]1)[OH2]'], 0.8087167070217918
['[OH2][Zn]', '[OH2][Zn][OH2]', '[Zn]'], 0.8111380145278451
['[Zn][OH]([Zn])[Zn]'], 0.8135593220338984
['[O][Co]O[Co]1([O])O[Co](O1)([O])O[Co][O]'], 0.8159806295399517
['[Cu][Cu]', '[O][Cu][Cu][O]'], 0.8184019370460048
['[O][Fe][O]', '[Tb]'], 0.8208232445520581
['Cl[Pd]Cl'], 0.8232445520581114
['[O][In][O]([In])[In]'], 0.8256658595641647
['[OH2][Cu][Cu]'], 0.828087167070218
['[Mn][Mn]'], 0.8305084745762712
['[OH2][Cu]', '[OH4][Cu]', '[OH6][Cu]', '[O][Cu]([O])[Cu]([O])[O]'], 0.8329297820823245
['[O][Zn]', '[Zn]OO[Zn]'], 0.8353510895883778
['[Zn]12[Zn]3[O]4562[Zn]1[Zn]5[Zn]6[Zn]34'], 0.8377723970944311
['[Ca]', '[OH2][Ca]'], 0.8401937046004843
['O1[Cu][Zn]1[Cu]1O[Zn]1', '[Cu]1O[Zn]1[Zn]1[Cu]O1', '[Zn][O]([Zn])[Zn]'], 0.8426150121065376
['[O][Eu]', '[O][Eu][O]'], 0.8450363196125908
['[O][Nd][O]'], 0.8474576271186441
['[O][Mg]O[Mg][O]'], 0.8498789346246973
['[Cu][Cu]', '[Cu][Cu][Cu][Cu]', '[OH2][Sm]([OH]1[Cu][OH]([Cu]1)[Sm]([OH2])([OH2])([OH2])[OH2])([OH2])([OH2])[OH2]'], 0.8523002421307506
['O', '[Cu]'], 0.8547215496368039
['[Zn]O[Zn]O[Zn]'], 0.8571428571428572
['[O][Zn]', '[Ti]', '[Zn]'], 0.8595641646489105
['[OH4][Y]', '[OH5][Y]', '[Y]'], 0.8619854721549637
['[Ti]'], 0.864406779661017
['[OH3][Cu][Cu][OH3]', '[OH4][Cu][Cu][OH2]'], 0.8668280871670703
['[OH2][Cu][Cu][OH2]', '[OH2][Cu][Cu][OH3]'], 0.8692493946731236
['[Zn][OH]([Zn][OH]([Zn])[Zn])[Zn]'], 0.8716707021791767
['[Zr]'], 0.87409200968523
['[La]'], 0.8765133171912833
['[OH4][Cu][Cu][OH4]'], 0.8789346246973366
['[O][Mo]1234O[Mo]567([O])O[Mo]8([OH]1)([O])[O]1[Zn]9[O]6[Mo]6%107([O]5[Zn]5[O]3[Mo]374([O]2[Zn]2[O]8[Mo]41([O])O[Mo]18%11([O]9[Mo]91(O6)(O[Mo]1([O]5[Mo]5(O7)(O[Mo]67(O3)([O]2[Mo]6([O]7[Zn]([O]15)[O]%119)([OH]4)([O])O8)[O])[O])(O%10)[O])[O])[O])[O])[O]'], 0.8813559322033899
['[Zn]', '[Zn][Zn][Zn]'], 0.8837772397094431
['Cl[Cu][Cu]'], 0.8861985472154964
['[Np]'], 0.8886198547215497
['[Cu]', '[Eu]'], 0.891041162227603
['[Mg][O]([Mg])[Mg]'], 0.8934624697336562
['[O][Zr]123[O]4[Zr]56[O]3[Zr]37([O]2[Zr]28[O]1[Zr]14([O]6[Zr]([O]53)([O]21)([O]78)[O])[O])[O]'], 0.8958837772397095
['[Sb]'], 0.8983050847457628
['[Ni]', '[OH3][Mn][OH3]'], 0.900726392251816
['[Ni]', '[OH3][Co][OH3]'], 0.9031476997578692
['[O][Eu]([O])[O]'], 0.9055690072639225
['Cl[Cd]Cl', '[Cd]'], 0.9079903147699758
['[OH2][Ni]123[O]4[Ni]5[O]3[W]36(O[W]78([O]2[Ni]2[O]1[Ni]19[O]%10[Ni]%114[O]5[W]4(O3)([O])O[W]35(O[W]%12([O]%11[Ni]%10([O]9[W]9(O%12)(O[W]([O]21)(O7)([O])O[W](O9)(O[W](O8)(O6)([O])O3)(O5)[O])[O])[OH2])(O4)[O])[O])[O])[O]'], 0.9104116222760291
['O1[Hf]23456O[Hf]789%101[O]1%11%12%132[O]2%14%1537[Hf]37%16%171[O]1%1848[Hf]4%112(O3)(O7)[O]237%16[Hf]8%11%161[O]1%1959[Hf]5%1828[O]289%18%11[Hf]%11%20%21%221[O]1%236%10[Hf]6%10%12%14[Hf]%12%13%151[O]1%1746[Hf]46%1339[O]3%11%10%12[Hf]%192%23([O]%1658%204[Hf]7%1813(O6)O%13)(O%21)O%22'], 0.9128329297820824
['[O][Eu]123[O]4[Eu]56([O]3[Eu]37([O]2[Eu]28([O]1[Eu]14([O]6[Eu]([O]53)([O]21)([O]78)[O])[O])[O])[O])[O]'], 0.9152542372881356
['[OH4][Zr]123([OH2])[OH]4[Zr]56[OH]3[Zr]37([OH]2[Zr]28[OH]1[Zr]14([OH]6[Zr]([OH]53)([OH]21)([OH]78)([OH2])[OH4])([OH2])[OH4])([OH2])[OH4]', '[OH4][Zr]123([OH2])[OH]4[Zr]56[OH]3[Zr]37([OH]2[Zr]28[OH]1[Zr]14([OH]6[Zr]([OH]53)([OH]21)([OH]78)([OH2])[OH4])([OH4])[OH4])([OH4])[OH4]', '[OH4][Zr]123([OH2])[OH]4[Zr]56[OH]3[Zr]37([OH]2[Zr]28[OH]1[Zr]14([OH]6[Zr]([OH]53)([OH]21)([OH]78)([OH4])[OH2])([OH4])[OH2])([OH4])[OH2]', '[OH4][Zr]123([OH2])[OH]4[Zr]56[OH]3[Zr]37([OH]2[Zr]28[OH]1[Zr]14([OH]6[Zr]([OH]53)([OH]21)([OH]78)([OH4])[OH2])([OH4])[OH4])([OH4])[OH4]'], 0.9176755447941889
['[Mo]'], 0.9200968523002422
['[O][Rh][Rh]'], 0.9225181598062955
['[O][Y](F)F', '[O][Y]F'], 0.9249394673123487
['[O][Tb]'], 0.927360774818402
['[Cu]O[Mo]123([O])O[Mo]45([O]673[Mo]38([O]1[Mo]19([O]2[Mo]2%106([O]681[Mo]1([O]3[Mo]7(O5)([O]%101)([O])[O])([O])(O[Cu])O[Mo]6(O9)(O2)([O])[O])[O])([O])[O])(O4)[O])([O])[O]'], 0.9297820823244553
['[Mn]', '[OH2][Mn]'], 0.9322033898305085
['[Mn][OH2][Mn][OH2][Mn]'], 0.9346246973365618
['[Zn]O[Zn]'], 0.937046004842615
['[OH2][Cu][Cu]', '[OH2][Cu][Cu][OH2]'], 0.9394673123486683
['Cl[Cu]O[Cu]'], 0.9418886198547216
['[OH2][Ce]'], 0.9443099273607749
['[OH2][Eu]', '[OH2][Eu]([OH2])([OH2])([OH2])[OH2]', '[Zn]'], 0.9467312348668281
['[OH2][Tb]', '[OH2][Tb]([OH2])([OH2])([OH2])[OH2]', '[Zn]'], 0.9491525423728814
['[O][Sm]', '[O][Sm][O]'], 0.9515738498789347
['[OH2][Tb][Tb][OH2]'], 0.953995157384988
['[OH3][Mg][OH4][Mg]'], 0.9564164648910413
['[OH2][Ni]O[W]123O[W]45([O])O[W]67([O])O[W]89(O[W](O1)(O4)([O])O[W]1(O[W]4(O2)([O])O[W]2(O1)([O])O[W]1(O[W](O3)(O4)([O])O[W](O5)(O7)([O])O1)([O])O[W](O6)(O8)(O2)O[Ni][OH2])(O9)[O])[O]'], 0.9588377723970944
['Cl[Co]'], 0.9612590799031477
['[OH4][Mg][O]12[Mg]([O])([O])O[Mg]2(O[Mg]1([O])[O])[O]'], 0.963680387409201
['[O]12[Ce]34[O]5[Ce]62[O]2[Ce]71[O]4[Ce]14[O]3[Ce]35[O]6[Ce]2([O]71)[O]43'], 0.9661016949152543
['[Mn]', '[OH2][Mn]', '[OH2][Mn][OH2]'], 0.9685230024213075
['[Cd]', '[OH2][Cd][OH2]'], 0.9709443099273608
['[Cd]', '[OH2][Cd]', '[OH2][Cd][OH2]'], 0.9733656174334141
['[Ga]', '[O]'], 0.9757869249394674
['[OH2][Ba]123([OH2])[OH2][Ba]([OH2]1)([OH2]2)([OH2]3)([OH2])[OH2]'], 0.9782082324455206
['Br[Pb]', '[Pb]'], 0.9806295399515739
['[OH2][Eu][OH2]'], 0.9830508474576272
['[Eu][OH2]([Eu])[Eu]'], 0.9854721549636805
['[OH2][Fe][O]([Fe][OH2])[Fe][OH4]', '[OH2][Fe][O]([Fe][OH4])[Fe][OH2]', '[OH2][Fe][O]([Fe][OH4])[Fe][OH4]'], 0.9878934624697338
['[O][Zr]123([O])[OH]4[Zr]56[OH]3[Zr]37([OH]2[Zr]28[OH]1[Zr]14([OH]6[Zr]([OH]53)([OH]21)([OH]78)([O])[O])([O])[O])([O])[O]'], 0.9903147699757869
['Cl[Cd]'], 0.9927360774818402
['[OH2][La][OH2]'], 0.9951573849878935
['[OH2][Sm]'], 0.9975786924939468
['[O]123[O]45[Zr]6789%101[O]1%11[O]%126[Zr]6%13%14%15%161[O]1%17[O]%186[Zr]6%19%20%21%221[O]1%23[O]%246[Zr]6%25241([O]17[O]86[Zr]2%11%12%23%241[O]%13%19[O]%14%202)[O]1%21[O]%22%25[Zr]235%17%181[O]9%15[O]%10%162', '[O]123[O]45[Zr]6789%101[O]1%11[O]%126[Zr]6%13%14%15%161[O]1%17[O]%186[Zr]6%19%20%21%221[O]1%23[O]%246[Zr]6%25241([O]19[O]%106[Zr]24%23%241([O]7%13[O]8%142)[O]%15%19[O]%16%204)[O]1%21[O]%22%25[Zr]35%11%12%17%181', '[O]123[O]45[Zr]6789%101[O]1%11[O]%126[Zr]6%13%14%15%161[O]1%17[O]%186[Zr]6%19%20%21%221[O]1%23[O]%246[Zr]6%25351([O]17[O]86[Zr]3%11%12%23%241[O]%13%19[O]%14%203)[O]1%21[O]%22%25[Zr]324%17%181[O]9%15[O]%10%163', '[O]123[O]45[Zr]6789%101[O]1%11[O]%126[Zr]6%13%14%15%161[O]1%17[O]%186[Zr]6%19241([O]12[O]46[Zr]6%20%21%17%181[O]1%17[O]%186[Zr]6%22%11%121([O]17[O]86[Zr]3524%17%181)[O]%13%20[O]%14%21%22)[O]9%15[O]%10%16%19', '[O]123[O]45[Zr]6789%101[O]1%11[O]%126[Zr]6%13%14%15%161[O]1%17[O]%186[Zr]6%19241([O]12[O]46[Zr]6%20%21%17%181[O]1%17[O]%186[Zr]635241[O]17[O]86[Zr]2%11%12%17%181[O]%13%20[O]%14%212)[O]9%15[O]%10%16%19', '[O]123[O]45[Zr]6789%101[O]1%11[O]%126[Zr]6%13%14%15%161[O]1%17[O]%186[Zr]6%19241([O]12[O]46[Zr]6%20%21351[O]13[O]56[Zr]6%17%18241[O]1%13[O]%146[Zr]2%11%12351[O]7%20[O]8%212)[O]9%15[O]%10%16%19', '[O]123[O]45[Zr]6789%101[O]1%11[O]%126[Zr]6%13%14%15%161[O]17[O]86[Zr]678351[O]1%13[O]%146[Zr]356%13%141[O]1%17[O]%183[Zr]3%19%11%121([O]%155[O]%1663)[O]19[O]%10%19[Zr]324%17%181[O]7%13[O]8%143'], 1.0
